City_ID,City,Cloudiness,Country,Date,Humidity,Lat,Lng,Max Temp,Wind Speed
0,chokurdakh,97,RU,1566490352,84,70.62,147.9,44.25,10.49
1,belmonte,36,PT,1566490411,29,40.36,-7.35,95.0,4.0
2,xai-xai,0,MZ,1566490436,60,-25.04,33.64,68.91,8.41
3,rikitea,0,PF,1566490952,83,-23.12,-134.97,72.87,18.7
4,ushuaia,0,AR,1566490948,80,-54.81,-68.31,41.0,2.89
5,kapaa,75,US,1566490952,88,22.08,-159.32,78.8,14.99
6,port elizabeth,20,US,1566490952,48,39.31,-74.98,90.0,6.93
7,busselton,100,AU,1566490952,73,-33.64,115.35,55.0,23.6
8,albany,75,US,1566490769,58,42.65,-73.75,82.99,10.29
9,ha noi,20,VN,1566490953,94,21.02,105.84,78.8,2.24
10,coquimbo,0,CL,1566490925,55,-29.95,-71.34,66.2,12.75
11,clyde river,75,CA,1566490953,81,70.47,-68.59,46.4,6.93
12,cuamba,96,MZ,1566490953,46,-14.8,36.54,71.25,9.95
13,hermanus,98,ZA,1566490953,88,-34.42,19.24,64.99,1.99
14,vanavara,24,RU,1566490954,87,60.35,102.28,52.17,1.5
15,puerto del rosario,20,ES,1566490954,78,28.5,-13.86,80.6,18.34
16,nikolskoye,20,RU,1566490354,49,59.7,30.79,68.0,15.66
17,hobart,20,AU,1566490863,60,-42.88,147.33,43.0,10.29
18,beihai,0,CN,1566490954,82,38.95,121.19,75.99,4.47
19,jining,85,CN,1566490954,69,35.41,116.58,71.79,4.23
20,rondonopolis,4,BR,1566490954,18,-16.46,-54.64,99.33,5.57
21,punta arenas,75,CL,1566490955,87,-53.16,-70.91,42.8,14.99
22,bredasdorp,67,ZA,1566490955,77,-34.53,20.04,60.8,5.82
23,leh,31,IN,1566490955,24,34.16,77.58,48.39,1.43
24,ryotsu,100,JP,1566490955,100,38.08,138.43,73.4,1.12
25,santa cruz,0,BR,1566490955,26,-6.22,-36.02,91.23,11.86
26,pevek,88,RU,1566490423,94,69.7,170.27,35.43,11.32
27,mar del plata,0,AR,1566490822,55,-46.43,-67.52,49.47,18.97
28,agirish,100,RU,1566490956,71,61.92,63.02,63.51,4.21
29,provideniya,55,RU,1566490956,78,64.42,-173.23,45.15,12.1
30,cidreira,74,BR,1566490956,56,-30.17,-50.22,62.25,10.49
31,new norfolk,20,AU,1566490956,60,-42.78,147.06,43.0,10.29
32,hasaki,75,JP,1566490826,100,35.73,140.83,75.2,6.93
33,kimparana,100,ML,1566490957,63,12.83,-4.92,86.01,14.25
34,khairpur nathan shah,0,PK,1566490957,17,27.09,67.73,104.55,9.4
35,ilulissat,75,GL,1566490918,81,69.22,-51.1,44.6,4.7
36,ust-kuyga,67,RU,1566490957,92,70.0,135.55,47.85,2.95
37,butaritari,100,KI,1566490957,78,3.07,172.79,84.39,14.05
38,harper,1,US,1566490957,51,30.3,-99.24,88.0,8.05
39,cherskiy,0,RU,1566490958,90,68.75,161.3,38.49,6.31
40,auki,54,NG,1566490792,79,12.18,6.51,77.19,11.72
41,bethel,40,US,1566490958,100,60.79,-161.76,48.2,9.17
42,atuona,5,PF,1566490958,75,-9.8,-139.03,78.99,19.8
43,mataura,94,NZ,1566490958,94,-46.19,168.86,39.0,1.01
44,ballina,75,IE,1566490885,93,54.11,-9.15,64.4,13.87
45,kikwit,72,CD,1566490827,21,-5.04,18.82,97.35,2.04
46,saskylakh,87,RU,1566490384,89,71.97,114.09,45.51,5.01
47,hilo,40,US,1566490958,73,19.71,-155.08,73.4,6.93
48,omboue,4,GA,1566490827,88,-1.57,9.26,74.13,14.43
49,tessalit,2,ML,1566490375,26,20.2,1.01,100.77,8.12
50,barrow,0,AR,1566490959,63,-38.31,-60.23,55.05,11.92
51,chepo,40,PA,1566490959,70,9.17,-79.09,89.01,4.7
52,vigrestad,20,NO,1566490959,63,58.57,5.7,62.6,12.75
53,yellowknife,90,CA,1566490960,93,62.45,-114.38,55.4,9.17
54,inhambane,20,MZ,1566490960,64,-23.87,35.38,69.8,3.36
55,jamestown,0,AU,1566490960,92,-33.21,138.6,42.81,5.32
56,elliot lake,75,CA,1566490960,67,46.37,-82.65,62.6,9.17
57,saint-francois,0,FR,1566490862,28,46.42,3.91,84.2,2.24
58,ponta do sol,0,BR,1566490960,45,-20.63,-46.0,78.09,3.89
59,manicore,0,BR,1566490960,59,-5.81,-61.3,91.4,3.36
60,guanica,75,PR,1566490722,70,17.97,-66.91,89.01,5.82
61,sharjah,0,AE,1566490961,47,25.36,55.39,98.6,5.82
62,hithadhoo,30,MV,1566490961,67,-0.6,73.08,83.85,3.89
63,naze,100,NG,1566490404,78,5.43,7.07,82.05,8.97
64,qasigiannguit,75,GL,1566490864,81,68.82,-51.19,44.6,4.7
65,dikson,0,RU,1566490962,84,73.51,80.55,45.15,4.74
66,port hardy,40,CA,1566490396,87,50.7,-127.42,55.4,4.7
67,port lincoln,0,AU,1566490378,77,-34.72,135.86,53.43,13.6
68,puerto ayora,90,EC,1566490711,68,-0.74,-90.35,71.6,8.05
69,sampit,96,ID,1566490962,85,-2.54,112.95,74.49,3.53
70,salym,2,RU,1566490963,64,60.06,71.48,60.81,3.31
71,houma,93,CN,1566490963,70,35.63,111.36,71.61,1.14
72,kenai,90,US,1566490764,93,60.55,-151.26,45.0,3.36
73,bud,75,NO,1566490963,72,62.91,6.91,62.6,5.82
74,saint-philippe,1,CA,1566490964,65,45.36,-73.48,78.01,5.82
75,sept-iles,75,CA,1566490218,93,50.2,-66.38,64.4,18.34
76,laguna,40,BZ,1566490964,79,16.17,-88.94,84.2,6.93
77,vaini,0,IN,1566490964,86,15.34,74.49,77.37,4.18
78,santa helena de goias,0,BR,1566490964,34,-17.81,-50.6,84.39,6.78
79,ostrovnoy,4,RU,1566490864,64,68.05,39.51,62.97,3.91
80,tabas,0,IR,1566490965,13,33.6,56.92,83.49,10.45
81,tuatapere,90,NZ,1566490383,94,-46.13,167.69,39.0,1.99
82,san jeronimo,75,PE,1566490965,328,-13.65,-73.37,37.4,8.05
83,upernavik,0,GL,1566490965,64,72.79,-56.15,38.67,2.53
84,husavik,0,CA,1566490391,59,50.56,-96.99,64.99,6.58
85,yarmouth,90,CA,1566490965,100,43.84,-66.12,70.0,11.41
86,thompson,20,CA,1566490795,82,55.74,-97.86,55.4,6.93
87,kodiak,90,US,1566490405,83,39.95,-94.76,75.99,8.05
88,kutum,100,SD,1566490398,47,14.2,24.66,78.45,6.17
89,wuda,20,CN,1566490966,38,39.5,106.72,69.63,6.67
90,funadhoo,100,MV,1566490966,78,6.15,73.27,82.41,14.07
91,havelock,20,US,1566490966,59,34.88,-76.9,91.99,11.41
92,vuktyl,100,RU,1566490966,71,63.86,57.31,62.79,2.73
93,east london,0,ZA,1566490888,42,-33.02,27.91,68.0,2.24
94,rhyl,40,GB,1566490967,72,53.32,-3.49,70.0,19.46
95,bambous virieux,20,MU,1566490967,83,-20.34,57.76,70.0,4.61
96,lompoc,40,US,1566490843,77,34.64,-120.46,81.0,3.36
97,saurimo,0,AO,1566490967,22,-9.66,20.4,86.0,8.05
98,abu dhabi,0,AE,1566490717,71,24.47,54.37,93.2,6.93
99,faya,20,SA,1566490968,73,18.39,42.45,75.2,9.17
100,lahij,0,YE,1566490968,47,13.06,44.88,90.87,5.77
101,ribeira grande,20,PT,1566490968,83,38.52,-28.7,75.2,4.7
102,oussouye,75,SN,1566490968,88,12.49,-16.54,80.6,11.41
103,georgetown,40,GY,1566490885,70,6.8,-58.16,87.8,13.87
104,matara,55,BI,1566490969,57,-3.48,29.48,60.99,5.14
105,nanning,20,CN,1566490969,88,22.83,108.3,78.8,2.24
106,arraial do cabo,75,BR,1566490969,88,-22.97,-42.02,68.0,11.41
107,avera,1,US,1566490886,52,33.19,-82.53,91.99,8.05
108,quartucciu,20,IT,1566490969,83,39.25,9.18,80.6,14.99
109,tuktoyaktuk,75,CA,1566490969,93,69.44,-133.03,39.2,2.24
110,polunochnoye,100,RU,1566490970,85,60.87,60.43,60.63,2.37
111,leshukonskoye,100,RU,1566490892,88,64.9,45.76,57.75,4.74
112,emerald,0,AU,1566490376,41,-23.53,148.16,57.2,9.17
113,atbasar,66,KZ,1566490970,84,51.81,68.36,59.55,6.69
114,acapulco,90,MX,1566490970,74,16.86,-99.88,82.4,4.7
115,lata,68,IN,1566490425,92,30.78,78.62,41.01,2.51
116,atar,1,MR,1566490970,17,20.52,-13.05,100.4,9.17
117,san patricio,46,PY,1566490970,75,-26.98,-56.83,59.73,6.55
118,sur,0,OM,1566490428,53,22.57,59.53,87.99,15.52
119,nouadhibou,0,MR,1566490971,57,20.93,-17.03,80.6,12.75
120,namibe,20,AO,1566490971,73,-15.19,12.15,71.6,11.41
121,lac du bonnet,2,CA,1566490971,63,50.25,-96.06,62.01,1.01
122,esperance,0,AU,1566490971,33,-33.86,121.89,59.0,18.34
123,yatou,75,CM,1566490971,88,3.63,9.81,80.6,4.7
124,tocopilla,32,CL,1566490896,83,-22.09,-70.2,55.23,4.05
125,dubuque,1,US,1566490799,60,42.5,-90.66,73.99,8.05
126,ekibastuz,99,KZ,1566490972,48,51.72,75.32,65.31,12.64
127,qaanaaq,100,GL,1566490972,72,77.48,-69.36,34.35,9.37
128,severo-kurilsk,0,RU,1566490972,90,50.68,156.12,48.39,4.41
129,semkhoz,0,RU,1566490972,72,56.28,38.07,68.0,11.18
130,hobyo,66,SO,1566490381,65,5.35,48.53,81.15,31.14
131,bluff,0,AU,1566490972,55,-23.58,149.07,53.25,4.47
132,gravelbourg,31,CA,1566490807,46,49.88,-106.56,69.45,15.66
133,lorengau,100,PG,1566490973,84,-2.02,147.27,78.45,8.5
134,souillac,0,FR,1566490973,22,45.6,-0.6,87.01,10.29
135,sungairaya,100,ID,1566490973,82,0.7,108.9,82.23,16.15
136,koboko,16,UG,1566490974,92,3.41,30.96,71.97,2.21
137,hofn,75,IS,1566490841,76,64.25,-15.21,57.2,3.36
138,sinnamary,3,GF,1566490848,76,5.38,-52.96,82.77,13.91
139,puerto colombia,20,CO,1566490869,70,10.99,-74.96,87.8,2.24
140,mahebourg,20,MU,1566490974,83,-20.41,57.7,70.0,4.61
141,oktyabrskoye,20,RU,1566490406,93,56.73,85.44,57.0,4.47
142,norman wells,40,CA,1566490817,93,65.28,-126.83,44.6,6.93
143,maniitsoq,55,GL,1566490690,88,65.42,-52.9,42.81,8.88
144,geraldton,90,CA,1566490773,82,49.72,-86.95,55.4,4.7
145,arman,100,RU,1566490825,92,59.7,150.17,55.59,1.03
146,fare,36,PF,1566490975,78,-16.7,-151.02,77.91,12.46
147,port alfred,0,ZA,1566490975,58,-33.59,26.89,68.0,1.99
148,belyy yar,0,RU,1566490975,82,53.6,91.39,64.4,4.47
149,beringovskiy,2,RU,1566490416,79,63.05,179.32,42.63,4.94
150,portland,40,US,1566490969,58,43.66,-70.25,86.0,6.93
151,tekeli,88,KZ,1566490976,39,44.86,78.76,73.95,12.08
152,fort nelson,20,CA,1566490976,62,58.81,-122.69,51.8,5.82
153,cape town,0,ZA,1566490976,82,-33.93,18.42,66.0,11.41
154,vila velha,20,BR,1566490783,51,-3.71,-38.6,86.0,19.46
155,sobolevo,41,RU,1566490874,74,54.43,31.9,66.39,7.2
156,port macquarie,90,AU,1566490976,54,-31.43,152.91,55.99,8.05
157,port-cartier,75,CA,1566490976,93,50.03,-66.88,64.4,18.34
158,la palma,0,CO,1566490977,42,5.36,-74.39,84.21,3.49
159,ponta delgada,75,PT,1566490977,94,37.73,-25.67,73.4,11.41
160,iracoubo,18,GF,1566490977,58,5.48,-53.21,88.35,7.25
161,castro,90,CL,1566490977,100,-42.48,-73.76,48.2,1.12
162,praya,40,ID,1566490977,83,-8.71,116.27,75.2,10.29
163,beloha,0,MG,1566490436,66,-25.17,45.06,64.77,16.75
164,ahmadnagar,1,IN,1566490978,77,19.09,74.75,75.39,11.36
165,faanui,66,PF,1566490978,76,-16.48,-151.75,78.09,14.65
166,aksu,40,KZ,1566490978,71,52.04,76.93,57.2,6.71
167,rockland,75,CA,1566490978,64,45.55,-75.29,73.99,8.05
168,sawakin,0,SD,1566490839,37,19.1,37.33,96.8,10.29
169,valparaiso,75,US,1566490857,61,41.47,-87.06,80.01,4.7
170,lyubim,100,RU,1566490979,73,58.36,40.69,62.61,8.61
171,sitka,100,US,1566490831,93,37.17,-99.65,73.99,8.01
172,luderitz,0,NA,1566490979,25,-26.65,15.16,84.2,2.24
173,moroni,0,GR,1566490979,69,35.09,24.92,86.0,18.34
174,vao,34,EE,1566490979,62,59.1,26.19,64.77,11.81
175,maralal,3,KE,1566490980,62,1.1,36.7,72.69,6.67
176,tasiilaq,75,GL,1566490980,45,65.61,-37.64,46.4,14.99
177,kruisfontein,0,ZA,1566490980,43,-34.0,24.73,68.37,8.81
178,saint-ambroise,40,CA,1566490981,49,48.56,-71.32,73.4,17.22
179,petropavlovsk-kamchatskiy,75,RU,1566490981,100,53.05,158.65,51.8,2.24
180,khatanga,21,RU,1566490981,72,71.98,102.47,53.61,8.93
181,nanortalik,75,GL,1566490982,90,60.14,-45.24,40.47,7.81
182,jinchang,100,CN,1566490982,69,38.52,102.19,59.01,6.76
183,port augusta,0,AU,1566490982,86,-32.49,137.76,41.0,4.7
184,saint anthony,1,US,1566490982,45,43.97,-111.68,66.2,12.75
185,itamaraca,40,BR,1566490983,74,-7.75,-34.83,82.4,11.41
186,baykit,84,RU,1566490440,78,61.68,96.39,50.19,2.46
187,half moon bay,90,US,1566490814,83,37.46,-122.43,73.0,5.82
188,katherine,0,AU,1566490983,38,-14.47,132.26,60.8,10.29
189,longyearbyen,75,NO,1566490983,65,78.22,15.63,41.0,3.36
190,arona,20,IT,1566490984,48,45.76,8.56,84.99,11.41
191,usinsk,48,RU,1566490984,79,66.0,57.56,60.99,6.85
192,muravlenko,0,RU,1566490984,59,63.79,74.5,58.47,2.71
193,lucapa,5,AO,1566490849,13,-8.42,20.74,90.51,5.59
194,galle,100,GN,1566490985,93,10.08,-12.83,73.05,8.25
195,berezovka,4,RU,1566490985,87,55.71,42.61,71.97,9.17
196,tiksi,99,RU,1566490985,93,71.64,128.87,41.73,1.5
197,carnarvon,59,ZA,1566490985,13,-30.97,22.13,74.13,11.77
198,eureka,90,US,1566490904,87,40.8,-124.16,62.01,3.36
199,avarua,0,CK,1566490961,83,-21.21,-159.78,71.6,4.7
200,vestmanna,40,FO,1566490986,76,62.16,-7.17,55.4,10.29
201,macamic,75,CA,1566490986,87,48.75,-79.0,55.4,10.29
202,ulladulla,0,AU,1566490986,69,-35.36,150.48,39.99,3.15
203,chuy,100,UY,1566490986,74,-33.69,-53.46,54.69,6.78
204,tevaitoa,36,PF,1566490987,78,-16.78,-151.5,77.91,12.46
205,paullo,0,IT,1566490987,48,45.42,9.4,84.99,3.36
206,umm lajj,0,SA,1566490987,77,25.02,37.27,86.37,10.0
207,aginskoye,38,RU,1566490988,94,51.11,114.54,49.29,0.13
208,manzanillo,90,MX,1566490988,78,19.05,-104.32,82.4,5.82
209,nioki,18,CD,1566490888,28,-2.72,17.69,95.01,5.23
210,sohag,0,EG,1566490988,12,26.55,31.7,100.4,20.8
211,lagoa,20,PT,1566490988,43,37.14,-8.45,87.8,16.11
212,kamina,0,CD,1566490988,14,-8.74,25.0,87.45,7.11
213,pacific grove,90,US,1566490863,82,36.62,-121.92,71.01,6.93
214,dingle,100,PH,1566490989,83,11.0,122.67,75.75,6.69
215,san rafael,0,AR,1566490989,39,-34.61,-68.33,55.59,4.18
216,vanimo,67,PG,1566490434,77,-2.67,141.3,82.41,7.36
217,cabo san lucas,90,MX,1566490738,74,22.89,-109.91,87.01,10.29
218,almaty,75,KZ,1566490989,31,43.24,76.95,77.0,11.18
219,champerico,75,MX,1566490989,78,16.38,-93.6,78.8,4.7
220,karratha,0,AU,1566490404,61,-20.74,116.85,60.63,5.28
221,caravelas,52,BR,1566490990,72,-17.73,-39.27,74.67,13.18
222,itaituba,20,BR,1566490990,59,-4.26,-55.99,91.4,3.36
223,nyurba,93,RU,1566490990,98,63.29,118.35,53.43,2.8
224,veraval,0,FR,1566490798,56,49.65,0.71,79.0,11.41
225,kaitangata,100,NZ,1566490392,91,-46.28,169.85,37.99,1.99
226,northam,75,AU,1566490707,87,-31.65,116.67,55.4,5.82
227,zapolyarnyy,75,RU,1566490990,71,69.43,30.82,57.2,9.17
228,mashhad,0,IR,1566490892,24,36.3,59.61,80.6,6.93
229,the valley,40,AI,1566490838,66,18.22,-63.06,88.0,16.11
230,yanji,80,CN,1566490991,88,42.89,129.5,59.55,2.66
231,ust-koksa,95,RU,1566490991,90,50.27,85.62,44.07,4.52
232,albanel,75,CA,1566490991,72,48.88,-72.44,64.4,12.75
233,christchurch,32,NZ,1566490991,86,-43.53,172.64,46.99,1.01
234,black river,20,JM,1566490991,74,18.03,-77.85,87.8,16.11
235,namatanai,100,PG,1566490860,89,-3.66,152.44,76.29,10.58
236,maragogi,33,BR,1566490853,66,-9.01,-35.22,80.79,9.37
237,paamiut,1,GL,1566490992,92,61.99,-49.67,40.29,18.95
238,quesnel,1,CA,1566490820,76,52.98,-122.49,50.0,2.24
239,tabuk,85,PH,1566490827,98,17.41,121.44,65.31,3.33
240,nakhon phanom,100,LA,1566490992,94,17.4,104.79,75.03,3.6
241,ilhabela,91,BR,1566490992,79,-23.78,-45.36,66.57,18.66
242,yumen,0,CN,1566490993,35,40.29,97.04,68.73,4.7
243,axim,90,GH,1566490993,81,4.87,-2.24,77.19,13.89
244,te anau,100,NZ,1566490993,92,-45.41,167.72,39.57,2.3
245,la ronge,40,CA,1566490858,71,55.1,-105.3,57.2,17.22
246,chinsali,17,ZM,1566490993,27,-10.55,32.07,76.65,6.85
247,lavrentiya,97,RU,1566490405,89,65.58,-170.99,43.35,5.66
248,hailar,96,CN,1566490796,93,49.2,119.7,56.49,6.04
249,marawi,100,PH,1566490405,79,8.0,124.29,75.99,4.0
250,pangkalanbuun,100,ID,1566490993,89,-2.68,111.62,72.87,3.13
251,saint-pierre,0,FR,1566490994,31,48.95,4.24,82.4,9.17
252,byron bay,74,AU,1566490994,72,-28.65,153.62,60.8,12.75
253,pisco,75,PE,1566490835,30,-13.71,-76.2,71.6,5.82
254,necochea,4,AR,1566490994,61,-38.55,-58.74,57.99,11.99
255,saint george,0,GR,1566490994,29,39.45,22.34,91.99,12.75
256,bubaque,100,GW,1566490994,84,11.28,-15.83,78.63,24.9
257,sogne,75,NO,1566490995,100,58.08,7.82,62.01,8.05
258,buala,100,SB,1566490864,84,-8.15,159.59,79.53,8.41
259,hami,0,CN,1566490995,23,42.84,93.51,79.71,10.67
260,north platte,90,US,1566490995,88,41.12,-100.77,66.2,4.7
261,kamenka,98,MD,1566490995,65,48.03,28.7,73.99,5.01
262,zeya,2,RU,1566490996,94,53.74,127.27,50.73,1.54
263,touros,40,BR,1566490996,58,-5.2,-35.46,84.2,14.99
264,katsuura,75,JP,1566490422,78,33.93,134.5,82.4,9.17
265,balad,75,ID,1566490996,96,-6.76,108.42,63.51,5.08
266,chavakkad,75,IN,1566490996,88,10.53,76.05,80.01,15.17
267,haimen,34,CN,1566490996,83,31.87,121.18,87.01,5.01
268,kampene,86,CD,1566490996,40,-3.59,26.67,86.91,1.7
269,comodoro rivadavia,0,AR,1566490997,44,-45.87,-67.48,60.8,12.75
270,dunedin,53,NZ,1566490997,79,-45.87,170.5,43.0,1.99
271,ratnagiri,30,IN,1566490997,82,16.98,73.3,81.33,12.21
272,victoria,75,BN,1566490818,83,5.28,115.24,82.4,4.7
273,biloela,0,AU,1566490997,64,-24.4,150.51,52.53,12.17
274,goya,99,AR,1566490998,65,-29.14,-59.27,56.49,7.38
275,pa sang,75,TH,1566490998,100,18.53,98.94,79.0,3.62
276,altay,98,CN,1566490874,49,47.83,88.13,57.21,5.53
277,strezhevoy,0,RU,1566490998,77,60.73,77.6,60.8,2.24
278,lianzhou,100,CN,1566490998,71,24.79,112.38,74.85,3.83
279,gambela,92,ET,1566490999,94,8.25,34.59,73.41,1.3
280,el jicaro,99,GT,1566490999,82,14.91,-89.89,72.51,2.06
281,batemans bay,0,AU,1566490871,66,-35.71,150.18,43.0,4.0
282,reykjavik,75,IS,1566490864,66,64.15,-21.94,63.0,5.82
283,carlsbad,0,CZ,1566490968,46,50.23,12.87,78.01,6.93
284,kempele,0,FI,1566490999,63,64.91,25.51,60.8,8.05
285,klaksvik,40,FO,1566491000,76,62.23,-6.59,55.4,10.29
286,porto-vecchio,75,FR,1566491000,74,41.59,9.28,86.0,4.7
287,la romana,40,DO,1566490817,62,18.43,-68.97,89.6,11.41
288,alta floresta,0,BR,1566491000,15,-9.87,-56.08,100.23,3.33
289,deputatskiy,62,RU,1566491000,84,69.3,139.9,49.47,1.01
290,fiche,9,ET,1566491001,76,9.77,38.74,69.27,3.06
291,fuente de oro,100,CO,1566491001,59,3.46,-73.62,76.65,4.27
292,airai,26,TL,1566491001,84,-8.93,125.41,68.01,5.41
293,codrington,40,AU,1566491001,87,-28.95,153.24,60.8,5.17
294,bonavista,100,CA,1566491001,83,48.65,-53.11,60.01,7.0
295,kashary,0,RU,1566491002,36,49.04,41.01,86.19,8.48
296,maceio,40,BR,1566491002,61,-9.67,-35.74,80.6,9.17
297,inongo,13,CD,1566491002,37,-1.93,18.29,91.05,5.32
298,bell ville,0,AR,1566491003,46,-32.63,-62.69,66.0,4.0
299,san cristobal,45,HN,1566491004,68,14.68,-86.92,76.47,8.16
300,cedar city,1,US,1566490953,11,37.68,-113.06,82.99,12.75
301,mahon,75,IE,1566491004,93,51.89,-8.4,70.0,10.29
302,okhotsk,100,RU,1566491004,96,59.36,143.24,52.17,4.9
303,chapais,90,CA,1566490860,87,49.78,-74.86,57.2,10.29
304,bull savanna,75,JM,1566491004,74,17.89,-77.59,82.41,0.58
305,tehachapi,1,US,1566490865,46,35.13,-118.45,82.4,11.41
306,homer,75,US,1566491004,87,59.64,-151.54,51.01,4.7
307,caranavi,26,BO,1566491005,58,-15.83,-67.57,64.41,5.14
308,baoding,39,CN,1566491005,49,38.86,115.49,68.55,5.19
309,bekovo,8,RU,1566491005,61,52.46,43.7,76.83,1.99
310,hambantota,75,LK,1566491005,100,6.12,81.12,75.2,12.75
311,nioro,86,GM,1566491005,80,13.79,-15.05,82.41,14.56
312,garowe,1,SO,1566491005,34,8.41,48.48,88.53,19.84
313,pangnirtung,90,CA,1566491006,87,66.15,-65.72,44.6,10.29
314,nhulunbuy,40,AU,1566491006,88,-12.18,136.78,69.8,3.36
315,namwala,82,ZM,1566491006,33,-15.75,26.45,72.51,6.2
316,denpasar,20,ID,1566491006,83,-8.65,115.22,77.0,14.99
317,mehamn,75,NO,1566491007,87,71.03,27.85,51.8,27.51
318,tamara,0,CO,1566491007,61,5.83,-72.16,59.01,6.82
319,salalah,40,OM,1566490772,94,17.01,54.1,78.8,6.93
320,kalaleh,0,IR,1566491007,55,37.38,55.49,91.4,5.23
321,fortuna,75,US,1566491008,100,40.6,-124.16,62.01,5.82
322,raymondville,90,US,1566491008,88,37.34,-91.83,73.99,3.36
323,caxito,75,BR,1566491008,77,-22.65,-42.51,68.0,16.11
324,kilindoni,25,TZ,1566491008,76,-7.91,39.67,77.55,22.24
325,genhe,21,CN,1566491009,98,50.78,121.52,49.65,5.08
326,lodja,77,CD,1566491009,36,-3.52,23.6,89.79,2.51
327,piacabucu,43,BR,1566491009,78,-10.41,-36.43,77.19,12.3
328,quatre cocos,20,MU,1566491009,83,-20.21,57.76,70.0,4.61
329,egvekinot,3,RU,1566491009,89,66.32,-179.17,40.65,9.17
330,svetlogorsk,0,RU,1566491010,45,53.14,59.15,68.0,4.47
331,manono,14,CD,1566491010,15,-7.3,27.4,93.93,6.69
332,taltal,0,CL,1566491010,59,-25.41,-70.49,61.71,4.43
333,narsaq,40,GL,1566491010,57,60.91,-46.05,51.8,8.05
334,ankang,24,CN,1566491011,95,32.73,108.99,70.35,3.09
335,sungaipenuh,93,ID,1566491011,98,-2.08,101.38,72.51,1.95
336,chiang khong,75,LA,1566491011,100,20.27,100.41,77.0,3.36
337,panzhihua,42,CN,1566490821,86,26.59,101.72,66.21,1.32
338,angul,100,IN,1566491011,88,20.84,85.1,80.07,2.73
339,vagay,26,RU,1566491012,67,57.94,69.02,63.87,5.39
340,new waterford,90,US,1566491012,69,40.85,-80.61,82.99,4.7
341,rodos,0,GR,1566491012,49,36.44,28.22,89.6,12.75
342,doka,100,SD,1566491012,70,13.52,35.76,84.39,5.53
343,harindanga,90,IN,1566491012,94,22.04,88.32,77.0,10.04
344,cayenne,7,GF,1566491013,55,4.94,-52.33,89.6,9.17
345,jacksonville,1,US,1566491013,58,30.33,-81.66,91.0,2.71
346,iqaluit,90,CA,1566491013,86,63.75,-68.52,44.01,12.37
347,cape canaveral,1,US,1566490427,79,28.41,-80.6,91.0,6.93
348,mokolo,40,CM,1566491013,59,10.74,13.8,89.6,5.82
349,bermeo,0,ES,1566491014,31,43.42,-2.72,80.01,9.17
350,manturovo,89,RU,1566491014,90,58.33,44.76,65.67,12.88
351,srednekolymsk,83,RU,1566491014,77,67.46,153.71,47.49,11.21
352,naryan-mar,30,RU,1566491014,83,67.67,53.09,60.27,5.23
353,soubre,86,CI,1566491014,61,5.79,-6.61,84.03,5.32
354,yulara,0,AU,1566491015,39,-25.24,130.99,46.4,4.7
355,batagay-alyta,62,RU,1566491015,91,67.8,130.41,43.89,2.35
356,adelaide,20,AU,1566490816,81,-34.93,138.6,48.99,6.93
357,puerto leguizamo,86,CO,1566490807,66,-0.19,-74.78,81.33,3.89
358,gotsu,100,JP,1566491015,86,35.01,132.22,79.71,17.11
359,kattivakkam,40,IN,1566491015,74,13.22,80.32,86.0,9.17
360,boende,47,CD,1566490885,53,-0.28,20.88,86.01,1.86
361,hamilton,75,CA,1566491005,56,43.26,-79.87,73.99,12.75
362,carballo,0,ES,1566491016,51,43.21,-8.69,91.99,5.82
363,dudinka,0,RU,1566491016,82,69.41,86.18,59.0,2.24
364,isangel,0,VU,1566491016,72,-19.55,169.27,70.17,5.1
365,talnakh,0,RU,1566491016,82,69.49,88.39,59.0,2.24
366,riberalta,0,BO,1566491016,51,-11.0,-66.08,84.2,4.7
367,zhigansk,100,RU,1566490824,68,66.77,123.37,58.11,8.43
368,callaguip,90,PH,1566491017,100,18.07,120.49,77.0,3.36
369,kununurra,57,AU,1566491017,67,-15.77,128.74,59.0,6.26
370,santiago del estero,0,AR,1566491017,44,-27.8,-64.26,65.31,6.26
371,juegang,0,CN,1566491018,83,32.31,121.18,82.0,5.53
372,ancud,90,CL,1566491018,100,-41.87,-73.83,48.2,1.12
373,grindavik,40,IS,1566491018,71,63.84,-22.43,57.2,6.93
374,mosquera,40,CO,1566491018,52,4.71,-74.23,64.4,14.99
375,yar-sale,26,RU,1566491018,66,66.83,70.83,61.71,6.76
376,kangaatsiaq,98,GL,1566491018,89,68.31,-53.46,44.79,6.35
377,sisimiut,97,GL,1566491019,94,66.94,-53.67,41.37,8.03
378,tilichiki,0,RU,1566491019,88,60.47,166.1,50.55,2.84
379,dalbandin,0,PK,1566491019,10,28.9,64.41,87.81,14.38
380,slave lake,1,CA,1566491019,58,55.28,-114.77,57.2,19.46
381,kishi,100,NG,1566491020,87,9.08,3.85,77.55,8.79
382,bronnoysund,0,NO,1566491020,59,65.46,12.2,62.6,10.29
383,irbeyskoye,26,RU,1566491020,67,55.64,95.45,57.21,8.75
384,ornskoldsvik,0,SE,1566490428,59,63.29,18.72,64.4,11.41
385,eenhana,0,NA,1566491020,16,-17.48,16.34,86.0,4.7
386,sao jose da coroa grande,33,BR,1566490888,66,-8.9,-35.15,80.79,9.37
387,road town,40,VG,1566490706,70,18.42,-64.62,86.0,13.87
388,ler,40,NO,1566491020,59,63.2,10.3,64.99,18.34
389,honiara,75,SB,1566491021,94,-9.43,159.96,77.0,18.41
390,richards bay,0,ZA,1566491021,75,-28.77,32.06,70.53,23.87
391,kralendijk,75,BQ,1566490249,62,12.15,-68.27,89.6,12.75
392,palu,99,ID,1566490854,85,-0.9,119.87,75.21,3.18
393,amloh,40,IN,1566491021,74,30.61,76.23,82.4,2.24
394,kyabe,99,TD,1566491021,89,9.45,18.94,79.53,2.8
395,vardo,20,US,1566491022,48,39.62,-77.74,88.0,9.17
396,pitimbu,75,BR,1566490893,69,-7.47,-34.81,82.4,16.11
397,duldurga,69,RU,1566491022,95,50.67,113.59,50.19,1.63
398,jalu,0,LY,1566491022,12,29.03,21.55,101.67,10.22
399,vadso,75,NO,1566491022,71,70.07,29.75,57.2,9.17
400,plettenberg bay,0,ZA,1566491022,47,-34.05,23.37,68.01,4.47
401,saldanha,71,PT,1566491022,16,41.42,-6.55,91.41,3.06
402,erzin,20,TR,1566490820,66,36.95,36.2,86.0,20.8
403,masterton,67,NZ,1566491023,79,-40.95,175.66,52.0,10.38
404,jabinyanah,20,TN,1566491023,55,35.03,10.91,86.0,13.87
405,coihaique,90,CL,1566491023,53,-45.58,-72.07,51.8,2.24
406,taybad,0,IR,1566491024,22,34.74,60.78,78.27,17.76
407,antofagasta,0,CL,1566491024,63,-23.65,-70.4,66.99,11.41
408,tombouctou,60,ML,1566490892,35,16.77,-3.01,95.55,13.09
409,chifeng,0,CN,1566491024,64,42.27,118.96,57.75,10.45
410,constitucion,40,MX,1566491024,56,23.99,-104.67,73.0,9.17
411,san angelo,1,US,1566491024,45,31.46,-100.44,90.0,8.05
412,kupang,20,ID,1566491025,64,-10.16,123.6,75.2,8.05
413,esfarayen,0,IR,1566491025,20,37.08,57.51,82.4,6.93
414,lebu,75,ET,1566491025,72,8.96,38.73,66.2,4.7
415,shache,99,CN,1566491025,64,38.42,77.24,86.0,9.57
416,verkhnyaya sinyachikha,98,RU,1566491025,77,57.98,61.67,62.43,4.14
417,haines junction,0,CA,1566491025,76,60.75,-137.51,32.91,4.36
418,oktyabrskiy,75,RU,1566490886,68,55.61,37.97,68.0,11.18
419,porbandar,55,IN,1566491026,76,21.64,69.61,82.95,12.5
420,effingham,90,US,1566491026,88,39.12,-88.54,77.0,5.82
421,ortona,40,IT,1566491026,69,42.35,14.4,82.99,10.29
422,japura,80,ID,1566491026,73,-0.42,102.29,78.27,3.71
423,lasa,0,CY,1566490792,70,34.92,32.53,84.2,11.41
424,ahipara,100,NZ,1566491027,100,-35.17,173.16,55.99,28.01
425,mount gambier,90,AU,1566490413,93,-37.83,140.78,48.2,4.7
426,chara,0,GR,1566491027,29,39.42,22.43,91.4,12.75
427,zhicheng,85,CN,1566491027,62,35.04,112.59,76.47,0.81
428,eyl,0,SO,1566490872,34,7.98,49.82,91.77,18.41
429,yamada,75,JP,1566491027,78,36.58,137.08,78.8,8.05
430,ahuimanu,40,US,1566490865,74,21.44,-157.84,80.6,9.17
431,ghanzi,0,BW,1566491028,13,-21.7,21.65,76.11,10.92
432,jiangkou,1,CN,1566491028,61,30.7,117.56,75.93,4.27
433,isla vista,20,US,1566491028,88,34.41,-119.86,82.0,4.7
434,apollonia,20,GR,1566491028,28,40.64,23.49,93.99,10.29
435,aklavik,90,CA,1566491028,93,68.22,-135.01,41.0,8.05
436,terney,100,RU,1566491029,98,45.05,136.61,57.39,6.89
437,nokaneng,0,BW,1566491029,11,-19.66,22.19,80.25,11.39
438,vila franca do campo,75,PT,1566491029,94,37.72,-25.43,73.4,11.41
439,ozernovskiy,0,RU,1566491029,91,51.5,156.52,45.51,2.48
440,meadow lake,75,CA,1566491030,72,54.13,-108.44,60.8,6.93
441,port hedland,0,AU,1566491030,62,-20.31,118.58,57.2,6.93
442,kirakira,100,SB,1566490893,88,-10.46,161.92,78.27,13.42
443,bose,0,IT,1566491030,53,45.46,8.01,84.2,4.7
444,xingyi,100,CN,1566491031,92,24.19,102.82,60.99,2.44
445,vilyuysk,100,RU,1566491031,94,63.75,121.63,54.87,6.33
446,bastia,0,IT,1566491031,48,44.6,8.98,86.0,11.41
447,stange,75,NO,1566491031,93,60.72,11.19,55.4,13.87
448,severomuysk,20,RU,1566491032,69,56.17,113.57,45.51,0.92
449,leningradskiy,100,RU,1566491032,94,69.38,178.42,37.41,14.99
450,tiznit,0,MA,1566491032,75,29.7,-9.73,71.25,11.34
451,awjilah,0,LY,1566491032,16,29.14,21.3,99.33,12.73
452,chaohu,26,CN,1566491032,78,31.63,117.88,80.6,2.24
453,pandoh,52,IN,1566491033,93,31.67,77.06,57.21,3.15
454,lufilufi,2,WS,1566491033,75,-13.87,-171.6,83.13,20.85
455,otane,67,NZ,1566491033,77,-39.89,176.62,48.0,4.79
456,kahului,20,US,1566491033,74,20.89,-156.47,78.8,12.75
457,hermosa,90,PH,1566491033,94,14.83,120.51,84.99,5.82
458,college,75,US,1566491033,86,64.86,-147.8,46.4,4.7
459,ust-ilimsk,68,RU,1566491034,86,57.96,102.73,51.81,1.99
460,trairi,0,BR,1566491034,28,-3.28,-39.27,94.65,6.8
461,birin,75,NP,1566491034,83,26.89,88.07,80.6,3.18
462,lityn,0,UA,1566491034,60,49.32,28.09,71.6,11.18
463,torbay,90,CA,1566490168,87,47.66,-52.73,64.0,13.87
464,ginir,100,ET,1566491035,74,7.14,40.71,65.49,6.58
465,muros,20,ES,1566491035,40,42.77,-9.06,91.99,4.7
466,pemba,90,MZ,1566491035,78,-12.97,40.52,77.0,20.8
467,cabra,20,ES,1566491035,23,37.47,-4.43,98.6,6.93
468,meulaboh,49,ID,1566490878,74,4.14,96.13,83.67,10.02
469,san quintin,74,PH,1566491035,91,17.54,120.52,75.93,1.12
470,shenjiamen,0,CN,1566491036,87,29.96,122.3,82.59,10.49
471,hurricane,1,US,1566491036,15,37.18,-113.29,82.99,8.16
472,mount pleasant,1,US,1566490838,49,33.16,-94.97,91.99,10.29
473,nishihara,20,JP,1566491036,88,35.74,139.53,84.99,8.05
474,lahaina,20,US,1566491036,73,20.87,-156.68,78.8,14.99
475,nidzica,0,PL,1566491036,52,53.36,20.43,69.8,1.12
476,celestun,77,MX,1566490853,78,20.87,-90.4,82.41,11.27
477,sao filipe,2,CV,1566491037,77,14.9,-24.5,76.47,13.53
478,camacha,20,PT,1566490871,60,33.08,-16.33,77.0,14.99
479,markova,0,RU,1566491037,87,52.21,104.21,55.4,4.47
480,treinta y tres,100,UY,1566491037,78,-33.23,-54.39,52.71,5.03
481,cabatuan,100,PH,1566491037,88,16.95,121.67,75.57,2.57
482,boksitogorsk,0,RU,1566491037,79,59.47,33.85,62.01,7.49
483,mae ramat,100,TH,1566491038,97,16.98,98.52,72.87,2.48
484,puro,100,PH,1566491038,84,13.13,123.76,80.07,14.81
485,matagami,50,NG,1566491038,83,9.67,8.4,76.65,5.68
486,along,100,IN,1566491038,97,28.17,94.8,63.33,2.21
487,butler,75,US,1566491038,78,41.43,-84.87,73.99,9.17
488,aliwal north,0,ZA,1566490960,9,-30.69,26.71,69.63,8.25
489,ponnani,75,IN,1566491039,94,10.77,75.93,80.01,4.7
490,kuruman,0,ZA,1566491039,24,-27.46,23.43,68.0,2.73
491,verkhoyansk,81,RU,1566490837,80,67.55,133.39,53.97,2.86
492,cascais,0,PT,1566491039,33,38.7,-9.42,93.2,8.05
493,cururupu,43,BR,1566491039,57,-1.82,-44.87,86.91,7.11
494,takoradi,80,GH,1566490830,63,4.89,-1.75,83.13,11.99
495,antalaha,100,MG,1566491040,87,-14.9,50.28,68.01,2.68
496,keflavik,40,IS,1566491040,71,64.0,-22.56,57.2,6.93
497,sibu,75,MY,1566491042,94,2.29,111.83,75.2,2.24
498,shangzhi,100,CN,1566491042,98,45.21,127.96,56.49,2.33
499,avanigadda,75,IN,1566491042,94,16.02,80.92,80.6,5.82
500,taldan,79,RU,1566491043,90,53.69,124.82,55.59,1.03
501,breves,0,BR,1566491043,39,-1.68,-50.48,94.47,4.5
502,lethem,0,GY,1566490797,56,3.38,-59.8,88.17,8.86
503,ruidoso,1,US,1566491043,56,33.33,-105.67,84.99,3.36
504,henties bay,0,NA,1566491044,83,-22.12,14.28,63.0,5.01
505,yacuiba,90,AR,1566491044,63,-22.01,-63.68,64.4,6.46
506,bambanglipuro,41,ID,1566491044,91,-7.95,110.28,73.95,12.19
507,wamba,26,CD,1566491044,93,2.14,27.99,75.75,1.34
508,mweka,20,CD,1566491044,22,-4.85,21.56,95.91,2.86
509,mercedes,100,UY,1566491045,75,-33.25,-58.03,51.01,1.99
510,roma,0,IT,1566491045,43,41.89,12.48,90.0,9.17
511,miram shah,0,PK,1566491045,39,33.01,70.07,84.75,9.08
512,lazaro cardenas,75,MX,1566491045,47,28.39,-105.62,78.8,4.7
513,zheleznodorozhnyy,0,RU,1566491046,68,55.75,38.0,68.0,11.18
514,ust-maya,32,RU,1566491046,90,60.42,134.54,54.33,1.54
515,mpanda,27,BI,1566491046,39,-3.17,29.4,75.39,10.04
516,bitkine,31,TD,1566491046,67,11.98,18.21,83.49,9.08
517,hovd,40,NO,1566491046,59,63.83,10.7,64.99,18.34
518,nochistlan,75,MX,1566491046,60,21.37,-102.85,69.8,4.7
519,xining,100,CN,1566491047,90,36.62,101.77,50.91,1.74
520,mwingi,88,KE,1566491047,43,-0.93,38.07,77.55,10.2
521,baijiantan,33,CN,1566491047,18,45.63,85.18,82.05,10.36
522,mantua,0,IT,1566491048,48,45.16,10.79,84.99,4.7
523,tublay,85,PH,1566491048,90,16.48,120.63,71.43,2.08
524,bonthe,90,SL,1566491048,75,7.53,-12.5,80.25,13.96
525,adrar,0,DZ,1566491048,6,27.87,-0.29,114.8,18.34
526,kulhudhuffushi,100,MV,1566491048,80,6.62,73.07,81.51,13.49
527,san jose acatempa,75,GT,1566491049,73,14.26,-90.13,73.4,6.93
528,tavda,100,RU,1566491049,80,58.04,65.27,61.89,4.99
529,russell,90,US,1566491049,78,38.9,-98.86,75.2,8.05
530,batticaloa,100,LK,1566491049,60,7.71,81.69,82.05,1.5
531,changli,0,CN,1566491050,83,30.54,105.42,77.55,7.16
